"","GMM","kmeans","slingPseudotime_1"
"gcgcgggtcggctgcggt",1,2,3.3232644381598
"aattgggaggcccgagca",1,2,0.362166827318869
"cggcgtcgagcagccaga",1,2,0
"agcacgggccattcggga",1,2,0.219665387786852
"tcgcctcgagcacaccac",2,1,25.4174737377546
"atacttcaggaggagctt",3,3,11.5533300831746
"tttgggaacgtggagctt",1,2,0
"gtggtgtcatcaggtagg",2,1,26.9313998857656
"agcacgctattatcatca",1,2,7.94195322047087
"catagaccgatggcgcgg",2,1,25.0267363372518
"gcgaatgtcctaatccgg",2,1,25.3738806286579
"gcgcggaagccaggccat",1,2,0
"ccacgcaattggatatac",1,2,3.96151191553912
"gactcgaaagaagatcaa",2,1,22.5377562856994
"gtcggctcatcaggattg",1,2,0
"ctgtgggaggccagtaaa",2,1,24.5729076958044
"ccacgccaggagcctcta",2,1,26.1048622252331
"cttgaaatagcgtcatca",1,2,2.77904875543452
"ccacgcctaggtcgaaag",2,1,27.269601076201
"aaagaagtggtgaagcca",3,3,15.1610307688894
"attagttgcggttgcggt",2,1,31.244976335602
"gaaggggtttcaaattgg",1,2,32.3566565167382
"gctcccaattggccgatg",1,2,1.27256896865257
"atccggtcgcctatccgg",1,2,4.41582851342528
"ctcaatgcgcggcttgaa",1,2,1.18567032227055
"gccagaatgaagcgttat",3,3,12.5580243128325
"gccgtttggcagagtctg",1,2,4.19436102668927
"gccagacgttatcggcgt",2,1,25.949298178946
"caaccgggattgttcttg",3,3,14.8443404600844
"atagcgaaagaatgctaa",3,3,11.6801415518326
"gctgaggagtgatggcag",1,2,5.83345190766598
"catagaggccatagatgt",2,1,23.7668980879382
"caaccgctcaatccgtaa",1,2,1.96510519175085
"tctagcgccagagagtga",3,3,14.2184404295252
"cttacggaaatacaagtc",1,2,0
"tttgggcaggagcggtcc",1,2,0.409636772761054
"gccagatctagctcgcct",2,1,25.5616166354343
"cgttatcgaaagggattg",1,2,2.33973164237943
"ccacgcgcgcgggagctt",2,1,23.0638198986813
"gatcaactattatccaag",2,1,25.9854460347036
"cgagcacgcatatctagc",1,2,0.431515866082607
"tgtgtatttgggaacgtg",1,2,4.30066787480695
"gagtgatatttcttcgca",3,3,9.88439277438989
"ttaagaccacgcatgaag",2,1,25.7523723391103
"aacagcgcttgtgcgaat",1,2,4.07786546286014
"cgttatagacccggtagg",2,4,19.8003324532027
"aggttagaggccttcttg",2,1,26.4067415336888
"tcagtgaacgtgaaagaa",1,2,0.137396771837339
"gccagaagtaaaaacagc",3,3,16.2086709845182
"gatcaaatgaaggctccc",1,2,1.46473975506439
"ttcgcattaagagctccc",1,2,3.85821764407988
"ctattacaaccgtgttcg",3,3,15.1861035194947
"atacttttggatacggac",1,2,5.54483933921899
"actgcaagatgtcaggag",1,2,0
"caaccgagtaaataatag",1,2,0
"taccgatatttcattagt",1,2,3.67913514505032
"atagcgagatgtgcgcgg",2,1,26.9956422531132
"tgttcgtcatcacaggag",1,2,0.346127221579625
"ccacgctcatcaactgca",3,4,18.8205369751111
"gtttcaggtaggaattgg",1,2,5.4273243536861
"atccggagtctgcaggag",1,2,5.58089248951159
"cgaaagagtaaacaggag",1,2,3.66700130041012
"atgaaggaaatacagact",2,4,20.0215686198736
"ttgctcatccggatatac",1,2,0.107598720122339
"agtctgggtaggagtctg",1,2,5.02998123829385
"tttgggcgcataggtagg",2,1,23.096276044524
"ctattacaggaggactcg",3,3,10.4087759360354
"tgtgtaagacccatactt",3,3,12.7865728485857
"gcgaatcaaccggccgtt",2,1,25.6788204228888
"gatcaagagcttcataga",3,4,19.3169669107748
"acccaacatagagcttgt",3,3,15.3834706934585
"tgcggtagcacgccacgc",3,3,13.142570942725
"tgctaaaagtatctcaat",2,1,25.1498063958396
"gtggtgaagccaattagt",3,4,17.6618382020208
"accttcagacccaccttc",2,1,22.6397196982324
"cagactagtaaagcgaat",2,1,26.6400529323458
"cggcgtatacttgaggcc",3,3,11.1466175543409
"actgcatcagtggtggtg",1,2,2.63454790824548
"taagctctattatcatca",3,4,15.862085177368
"ttcttgacaagggcgcgg",1,2,32.1886823111254
"accttcactgcaatgaag",2,1,24.4449269605293
"agtctgccacgctgagac",3,3,14.0185657359402
"atgaagtgtgtatggcag",1,2,5.07768545644763
"cggcgtatactttgagac",3,3,14.4657048629108
"ttcttgggattgttcgca",1,2,3.5346072207597
"acaaggtaagctgtcggc",1,2,2.84027707913587
"tatttccgttatggattg",2,1,27.5032454049841
"ggccatatccgggactcg",3,3,13.3606975592918
"gagtgaagtaaaggattg",1,2,5.59203005881224
"ctgtggtgttcgttgctc",2,1,24.0773305560778
"cggcgttggcagcgttat",2,1,26.2110480710027
"atataccaccacgtggtg",3,3,9.65632619548826
"gagcttttcttgtgtgta",2,1,25.199137240796
"ggattgttgctcgggatc",3,3,9.60775674297636
"ttggattgttcgatgaag",1,2,0
"gaagggaaagaatgtgta",1,2,30.8839420272365
"cggtccaagccaacggac",2,1,22.9171886203459
"agatgtggtaggaagcca",1,2,4.5369156768893
"tgcggtcgagcagatcaa",2,1,25.2359112008148
"agacccatagcggggatc",1,2,6.83623672897727
"tagaggcaaccgccacgc",2,1,26.2281198615464
"tctagcgctccccaaccg",2,1,30.1958319557032
"caggagcaaccgtgcggt",2,1,21.2923260762939
"cagactggccatcaccac",1,2,1.59189740145338
"ggccataacagcgtttca",1,2,6.01822356610938
"ttcttgaagtatggtagg",2,1,26.1340651624353
"tatttcagatgtcaagtc",2,1,25.7029534772191
"tcgggatctagccagact",3,4,15.9157597098858
"cttgaaacaaggtcatca",2,1,24.5037719864474
"atatacattagtagtaaa",3,3,13.9521654519605
"tgcggttgtgtaccgtaa",1,2,5.19290221644209
"gtacagtgcggttgagac",3,3,13.5186936301317
"tggcaggctccctcagtg",2,1,25.8120266666798
"gtcctattggatgagctt",3,3,12.8615892607089
"gccagaaagccagtggtg",1,2,2.51346266681245
"cagactatgaagatagcg",2,1,25.7056789305032
"cgttatcaagtcaagcca",3,3,13.7866847584118
"tgagacaccttccgcata",1,2,4.70220912176242
"acaaggctaggttatttc",2,1,21.9642340765731
"gccgttgagcttcataga",3,3,12.0134189105151
"gcttgtgtggtgtttggg",1,2,5.08254084123137
"tcagtgtaagcttcatca",3,3,15.0989634970204
"ggtaggattagtcaagtc",3,3,13.2902186352387
"gctgaggtttcaatatac",3,3,9.79762966786799
"gttaacctgtggtcggga",2,1,21.8678415845494
"ggattgtatttcagtctg",1,2,4.70220912176242
"cactgtgggatctgctaa",2,1,26.1707067813671
"ttaagatatttctaccga",2,1,22.5524985135448
"tgcggttagaggattagt",2,1,25.3925213765715
"agcacgcagactgctccc",1,2,4.27503988843579
"caagtccggtccctatta",3,3,12.3062286723169
"ggccatgctgagaacagc",1,2,2.888199326
"gaaatagtggtgcggtcc",1,2,5.68200710514377
"caccacatgaagtatttc",1,2,31.7898902869702
"ttggattctagcgctgag",2,1,26.5786335450033
"ttggatctgtgggtcggc",1,2,3.39844909995804
"gctgaggggatcggtagg",2,1,24.5876575106353
"cgagcaagtctgcgttat",1,2,6.7799853324712
"ttcttgatccggcaagtc",2,1,25.3591989768431
"gaagggaccttccactgt",2,1,24.9397458344655
"gactcgatacttttcgca",1,2,4.88519214140419
"gtggtgggattgtaagct",1,2,5.53381831043752
"ttcgcatccaagagtctg",3,3,14.6819994928794
"gtcctaaattggagtctg",1,2,5.22745979712807
"gtttcaatgaagatagcg",1,2,0
"ccacgcactgcaactgca",2,1,27.6096602009356
"gaagggcactgtctcaat",1,2,5.99552290179378
"gcgcgggtcctagaaata",3,3,14.4091995721877
"aggttagtttcactgtgg",2,1,27.2373028893508
"gcttgtaagccaccacgc",1,2,4.57384240489583
"aattggatatacggtagg",2,1,25.8321512551286
"ggtaggggccattaatag",3,4,16.2520776449536
"cagactgtttcagatcaa",1,2,5.64425479353141
"ttgctcagatgtgctgag",2,4,20.7572816936993
"atccgggagtgacttacg",3,4,17.9976738118114
"agacccaagccaggattg",1,2,3.31527746241941
"cagactctgtggggtagg",2,1,26.6188746652595
"gaggccactgcaaattgg",1,2,2.37923937322635
"tgtgtaattagtaaagaa",2,1,24.4132037308846
"cctctagggatcaccttc",3,4,16.617447704394
"gggatcgggatccgaaag",3,3,12.8039858356776
"caagtctgtgtaggattg",2,1,22.3569322162905
"acccaaagatgtatccgg",3,3,14.0640692183639
"agacccagtaaaaattgg",3,3,13.9732220854581
"gaagggcgcatataagct",3,4,16.1141248310482
"taccgaaaagaacgcata",2,1,22.3506461009003
"atgaagtgttcgctgtgg",1,2,6.45143943489579
"cggcgtgtacagaggtta",2,1,25.8435116878652
"cgttatgaggccggacga",2,1,24.5399749351567
"ccacgcggacgacagact",3,4,19.0225752049116
"tgctaaacaaggcggtcc",2,1,23.3372553676604
"tcagtgcggtccggtagg",2,4,20.8565600186968
"cactgtgagcttatccgg",2,1,24.4328325852289
"tagaggatccggagaccc",3,3,13.0891292822395
"aagccaatacttgccaga",1,2,5.32378324619507
"gcgaataccttcatagcg",2,1,22.4206864459173
"tgttcgcttgaattgctc",2,1,25.1231412558839
"ctgtggtaatagtggcag",2,1,21.1932012423004
"acggacatccggtgcggt",1,2,2.76005761063618
"tagagggcttgtgtccta",2,1,22.4908633631217
"ttggatggccatatccgg",1,2,6.39995312413535
"tccaagttggattatttc",2,1,25.335283105996
"cttacggtggtgactgca",2,1,24.9573384494779
"gagctttgcggttaagct",3,4,18.0803497381559
"ccacgcccgatgcggcgt",2,1,24.0311575176755
"tgagaccaaccgtaccga",2,1,22.8470496317467
"cactgtggtgcttcatca",2,1,29.3245353421686
"gaagggtgctaaaacgtg",2,1,21.3912080285544
"acccaaaacgtgacccaa",2,1,25.5673535304257
"tcgggataagctgatcaa",1,2,5.61004460220495
"gatcaatagagggatcaa",1,2,5.17527134023107
"atactttcatcaagtaaa",2,1,25.2016066666159
"aagccatatttctcagtg",3,4,17.1866415501417
"aattggtgaattcaagtc",1,2,4.88624318626617
"cactgtgtcctacaaccg",3,3,14.7568491289674
"cgcatagcttgtgagtga",2,1,24.000137478684
"cagactgccagaacggac",1,2,6.07527003683547
"gtcctacttgaacgcata",2,1,22.8755713074314
"ggtaggacccaaaacgtg",3,2,8.71369320172838
"tggcagtggcagacggac",3,3,15.5108116832208
"acggacctgtggtgttcg",1,2,6.28910206127237
"tagaggaccttcaccttc",3,3,14.740105768816
"tccaagaagccacaccac",1,2,6.37507830950709
"cgaaagagatgtgtccta",3,3,14.6823462956474
"ggccatccgtaaacggac",1,2,0.864556212735825
"atacttcggcgtgaaata",3,4,16.7009928846004
"ggccatcaaccggaaggg",2,1,23.5711980274591
"caaccggaaatacaggag",2,1,25.9286352433624
"tgtgtatgctaaaccttc",1,2,7.75994796320153
"ggccatgtggtgtgtgta",3,4,19.7843225983166
"gtggtgtgttcgttaaga",2,1,28.1722808977262
"cagactttgctcttgctc",2,1,23.515218356063
"aagccagagctttaatag",3,3,12.7396578933809
"taagcttcagtgagaccc",3,3,14.5915297909204
"cctctaggattgcataga",2,1,22.6622303172456
"ccgatgcaaccgtgctaa",2,1,21.3112856145593
"acccaatggcagtaagct",2,1,24.5065783037814
"caggagcactgttcatca",3,4,18.9384182877462
"gaaataccgatgcataga",1,2,6.53250608029808
"tcgggacaaccggctgag",3,4,16.737191346654
"gctgagtgtgtacagact",3,3,15.2195470569001
"agcacgttggatttcgca",3,3,9.1916090319648
"cctctaaggttactgtgg",3,3,14.4806895137559
"attagttagaggattagt",3,4,16.2488651355015
"gtcctaacccaagctccc",2,1,27.8861628584415
"cgagcaggtgctatagcg",2,1,21.5150827414445
"gccgttgaaggggagctt",2,1,25.9711968270513
"tagaggccgatgtgtgta",3,3,12.8800003257077
"tagaggttcttgggtgct",2,1,27.3028049821291
"tctagcttcttgtggcag",1,2,7.20762944840385
"gaggccgcgaatcttgaa",3,3,14.6511625659007
"gccgttcgaaagtcgcct",1,2,7.71617125432092
"gcgcggggacgaggccat",2,1,24.1914058443666
"accttcactgcataatag",1,2,5.46022162904328
"ccgatggtcctagtttca",1,2,7.34662211297018
"agcacggctgagctcaat",3,3,9.34561776389431
"tgcggtcagactaaagaa",3,3,10.5055365189287
"gggatcaagccaggacga",2,1,24.0754541267682
"ttaagatatttccttacg",3,3,12.9894980210842
"gtttcatgagaccaggag",3,4,15.6930641713461
"atactttgcggtatgaag",2,1,22.6380506208271
"tcatcaagtctgaattgg",2,1,23.1525770957137
"ctaggtccacgcttaaga",3,4,17.0270627917659
"ggacgattggattaagct",2,1,22.9728835960221
"tggcagttcgcaacggac",3,4,16.4170886858204
"ttcttgctcaatttaaga",1,2,7.39374792941676
"ccacgcccacgcccgtaa",3,4,19.3114503625536
"gactcgatatacgaggcc",1,2,7.90907537997791
"tgaattagcacgcataga",3,3,13.7676586223074
"cgagcagccagattcgca",2,1,23.6668824154946
"agcacgttcttggtcggc",3,4,16.8842458908557
"aggttagccagagccaga",3,4,19.7631575574001
"tatttccggcgtaaagaa",3,4,17.0863302865391
"cggtccttaagacataga",3,4,17.9496717626261
"ttcgcacggcgtactgca",1,2,6.11250188799526
"ggacgatatttctaagct",3,4,16.1668450239522
"gtggtgcagactcggtcc",3,3,14.0425642389417
"ctaggtcgcatatcgcct",2,1,24.4984493484955
"acaaggaacgtgggattg",3,4,19.4370818775297
"ttcttgaccttccgttat",3,4,16.9412323349229
"ctaggtcctctaagtctg",3,3,9.32059439973856
"ctaggtgagtgaaagtat",3,4,16.570711528282
"gcttgttcgggatatttc",2,1,24.67737871548
"cactgtatccggcgagca",3,4,16.8136575200815
"gaggccgcgcggctatta",2,1,22.912106563818
"acggacaattggcagact",3,4,17.5026172227092
"atacttcttacgcagact",3,4,17.8370551649883
"gactcgactgcacgcata",3,4,17.4800114864868
"tgagacctgtgggctccc",3,3,12.7638470238953
"cggcgttagagggctccc",3,3,15.5234878140082
"agtctgcaggagcggtcc",3,4,17.2102738541915
"agatgtgaagggccacgc",1,2,6.35005204974363
"gaggccgttaacagtaaa",3,3,11.5535931020288
"aggttatgcggtgctccc",3,4,17.7521912135953
"gtacagtaataggtacag",3,4,17.4786611787433
"gtggtgactgcacgagca",3,3,8.80094103238225
"cctctagcgcggtagagg",3,3,14.7218945622551
"atgaagattagtgagtga",3,3,14.0645458104334
"tccaagtaagctagatgt",3,3,9.02286927834848
"atatactcatcacttacg",1,2,5.8303098805029
"atacttcagacttcagtg",2,1,21.806944351095
"tggcagcggtccatatac",3,4,18.4942135196242
"gaggccggtaggtctagc",3,3,13.9724994058285
"catagaggtaggatccgg",3,4,17.540994588886
"ctcaatcatagattgctc",3,4,16.1810739094858
"gcgaatggacgatcagtg",2,4,20.2152156085295
"gagcttttgctcgtggtg",3,3,9.02240013705618
"atagcgtgttcgcgcata",2,4,20.4452997475306
"ctaggtctcaatcgaaag",1,2,7.25493178059495
"tcagtgaattgggaaggg",3,3,9.00264669138252
"cgcataccgtaattcgca",3,3,12.018458120674
"acccaaagcacgttggat",3,4,18.1933233480714
"atacttgttaacaacgtg",3,4,15.849195833646
"gactcgtatttccgaaag",3,3,19.1792322335862
"ggtgctagatgtgtcggc",3,3,10.8429936204265
"tcgggagaagggccacgc",3,3,14.2129447833233
"tgagactcgccttgagac",3,4,19.0948988225036
"tagaggagtaaaaacgtg",2,1,22.6979653514228
"tgtgtagtttcaagtaaa",3,4,16.8910950063648
"atacttacccaacaagtc",3,4,17.3120932890621
"gctgaggagtgaaacgtg",3,3,9.20567790711036
"gtcggcttaagaacaagg",2,3,10.9963735304638
"tgaattgggatcacccaa",3,4,18.2241169064692
"gggatcgactcgatccgg",3,4,16.4747753456536
"ttcttgacccaagagtga",3,3,11.6950691242265
"aacgtgagcacgcaccac",3,3,11.6461882872995
"tttgggtatttctttggg",2,1,23.5920575456018
"acggactcgggagaaata",2,1,23.6482197000294
"ggccataacgtgacggac",2,1,21.3499965385978
"atagcgtgtgtacggcgt",3,3,13.4652260441812
"aacagcgttaacgggatc",3,3,15.5304930939517
"tgcggtctcaataagtat",3,3,14.9578531943564
"gaagggcttacgatgaag",2,4,20.8565600186968
"catagatcgggaaacagc",3,4,15.7509249186124
"tccaaggtcctagagtga",3,4,17.1870266853193
"agcacgaagtatttaaga",3,3,12.9604785543464
"cagactactgcagtacag",2,1,23.0266146788173
"taccgagtcggccaagtc",3,3,14.0409663204719
"gtttcagaaataccacgc",3,4,17.8561642113347
"atacttaaagaatttggg",2,4,20.4452997475306
"ctaggtactgcaacggac",3,3,12.2809777881384
"cctctagaaataacggac",2,1,23.2210040266488
"gtacagagcacgtggcag",2,1,23.2549931518531
"taatagccacgcacggac",3,3,12.3559923273456
"aagtatgccgttaattgg",3,3,12.3399234685434
"ttcgcacttacggcgaat",2,1,22.5168193107873
"ttcttgcttacgatactt",2,4,20.3174616175852
"gatcaagctgagatatac",3,3,12.0774737138567
"cagactcaccacacccaa",3,3,12.4119787325179
"ggccatgggatcgccaga",1,2,7.23009641015026
"gagtgaccgatggaaggg",3,3,15.138582016227
"aaagaacagactgtggtg",3,3,15.1529135675981
"tgcggttgagacctaggt",1,3,8.69708481316273
"attagtccgatgggccat",3,3,15.197845624666
"gactcggagtgatcagtg",3,4,17.2734997854072
"atagcgatataccaagtc",3,3,12.7629480765519
"aacagcctattacataga",3,3,14.2184404295252
"ctaggttatttctttggg",3,3,14.9906161867081
"gtcggcttgctcttcttg",3,3,12.2633682728397
"cgagcagatcaatagagg",3,3,16.3486283654415
"taataggtttcaagtaaa",1,2,6.26466278517179
"gggatccgttatgaaata",3,4,19.0197211743151
"cactgtaacgtggtacag",3,4,19.6193423687804
"agatgtgatcaagtttca",3,3,13.0855921035597
"gtcctacgcatacaccac",3,4,18.1082855350937
"cttgaacactgtaccttc",3,3,13.0747184860031
"tgaattattagtaccttc",3,3,12.4575888588707
"gagcttcgaaagactgca",3,3,13.3349306346236
"gcttgtccgtaacaccac",2,1,22.4390723768271
"caaccgagatgtgtcggc",3,4,19.503309941936
"caggaggccagaattagt",3,3,14.4481686530498
"aagtatcaaccgtggcag",3,3,11.3969869823874
"taataggccgtttcggga",3,4,16.3249191791123
"gctcccatagcgcctcta",2,1,23.5876016169902
"ttgctcgagtgaacggac",3,3,12.4869978868279
