"","GMM","kmeans","slingPseudotime_1","slingPseudotime_2"
"gcgcgggtcggctgcggt",1,2,2.22975956512922,2.22497902839736
"aattgggaggcccgagca",1,2,2.74566607863801,2.74542629250412
"cggcgtcgagcagccaga",1,2,4.28726665237269,4.41531028722624
"agcacgggccattcggga",1,2,3.40701955653181,3.43346531466212
"tcgcctcgagcacaccac",2,1,9.90189094094616,NA
"atacttcaggaggagctt",2,1,8.08252538403623,NA
"tttgggaacgtggagctt",1,2,4.06505111048606,4.14523779550941
"gtggtgtcatcaggtagg",3,3,10.0571384809201,9.93758024738706
"agcacgctattatcatca",1,2,5.07864657044286,5.0453925110005
"catagaccgatggcgcgg",2,4,15.0051847757071,NA
"gcgaatgtcctaatccgg",2,1,27.2958190541693,NA
"gcgcggaagccaggccat",1,2,4.84342962182671,5.07794713897911
"ccacgcaattggatatac",1,2,0.984427277461543,0.984210578144267
"gactcgaaagaagatcaa",2,4,13.6697078484722,NA
"gtcggctcatcaggattg",1,2,3.81688648180081,3.86912165939599
"ctgtgggaggccagtaaa",2,1,11.4331596002246,NA
"ccacgccaggagcctcta",2,4,13.558225441505,NA
"cttgaaatagcgtcatca",1,2,3.60948301111392,3.60893798428852
"ccacgcctaggtcgaaag",2,1,10.1002430525923,NA
"aaagaagtggtgaagcca",2,1,26.8452096406887,NA
"attagttgcggttgcggt",3,2,8.1071247075253,8.4408623190477
"gaaggggtttcaaattgg",1,2,5.93335513970956,5.99081055159898
"gctcccaattggccgatg",1,2,2.73720444394135,2.73694329072976
"atccggtcgcctatccgg",1,2,4.82866635754894,4.71438400304518
"ctcaatgcgcggcttgaa",1,2,3.19825502458369,3.20583382153108
"gccagaatgaagcgttat",2,1,28.3314315375713,NA
"gccgtttggcagagtctg",1,2,1.42691019837156,1.42528251310984
"gccagacgttatcggcgt",2,1,10.7114985116877,NA
"caaccgggattgttcttg",2,1,27.3669192042949,NA
"atagcgaaagaatgctaa",2,1,28.2518551528739,NA
"gctgaggagtgatggcag",1,2,0,0
"catagaggccatagatgt",2,1,23.2728826897979,NA
"caaccgctcaatccgtaa",1,2,2.36772504619839,2.36375664022204
"tctagcgccagagagtga",2,1,27.5851431994751,NA
"cttacggaaatacaagtc",1,2,4.95906172002014,5.04242406944154
"tttgggcaggagcggtcc",1,2,3.51726124293005,3.54706509869531
"gccagatctagctcgcct",2,4,13.8144289536483,NA
"cgttatcgaaagggattg",1,2,2.29209616591093,2.29038704090187
"ccacgcgcgcgggagctt",2,4,21.1100774172956,NA
"gatcaactattatccaag",2,1,10.7893035915758,NA
"cgagcacgcatatctagc",1,2,3.53630938168814,3.55186313010917
"tgtgtatttgggaacgtg",1,2,2.62077729624774,2.62035440150232
"gagtgatatttcttcgca",2,1,30.0409579251597,NA
"ttaagaccacgcatgaag",2,1,11.1498886923901,NA
"aacagcgcttgtgcgaat",1,2,0.0824865263212885,0.0824864194982419
"cgttatagacccggtagg",2,1,22.3064504682049,NA
"aggttagaggccttcttg",2,1,8.58017169066596,NA
"tcagtgaacgtgaaagaa",1,2,4.69293746277252,4.71963352048645
"gccagaagtaaaaacagc",2,1,26.0707311008643,NA
"gatcaaatgaaggctccc",1,2,3.38156353017238,3.39777531931181
"ttcgcattaagagctccc",1,2,2.24603541320323,2.24329153321522
"ctattacaaccgtgttcg",2,1,25.6406197949814,NA
"atacttttggatacggac",1,2,0.796079152585941,0.796008694950385
"actgcaagatgtcaggag",1,2,5.31456309413999,5.46766403398074
"caaccgagtaaataatag",1,2,6.17511224326855,6.65883585115862
"taccgatatttcattagt",1,2,3.8973084868533,3.87945770742748
"atagcgagatgtgcgcgg",2,4,12.3193099972658,NA
"tgttcgtcatcacaggag",1,2,5.27241462701074,5.19503697479808
"ccacgctcatcaactgca",2,4,16.1287046443602,NA
"gtttcaggtaggaattgg",1,2,1.21558574547805,1.21621434897209
"atccggagtctgcaggag",1,2,3.82791936379336,3.79986867844806
"cgaaagagtaaacaggag",1,2,3.17072853671802,3.1709399257484
"atgaaggaaatacagact",2,4,18.9245322453334,NA
"ttgctcatccggatatac",1,2,5.09207030181562,5.12549008236847
"agtctgggtaggagtctg",1,2,1.04526179113417,1.0452697169647
"tttgggcgcataggtagg",2,1,12.1529698582638,NA
"ctattacaggaggactcg",2,1,29.0276295931119,NA
"tgtgtaagacccatactt",2,1,29.2649478157888,NA
"gcgaatcaaccggccgtt",2,1,8.5755948613442,NA
"gatcaagagcttcataga",2,1,21.8120723845194,NA
"acccaacatagagcttgt",2,1,26.4622255837935,NA
"tgcggtagcacgccacgc",2,1,28.4978115238785,NA
"tgctaaaagtatctcaat",2,1,23.279512573367,NA
"gtggtgaagccaattagt",2,1,24.6820929342575,NA
"accttcagacccaccttc",2,4,12.9082518541279,NA
"cagactagtaaagcgaat",2,1,10.593846981151,NA
"cggcgtatacttgaggcc",2,1,28.6458420483655,NA
"actgcatcagtggtggtg",1,2,3.50802345588795,3.51991388071957
"taagctctattatcatca",2,1,24.8843516171236,NA
"ttcttgacaagggcgcgg",1,2,7.02024614639428,7.32169636808561
"accttcactgcaatgaag",2,1,10.0602664797785,NA
"agtctgccacgctgagac",2,1,26.6351981234836,NA
"atgaagtgtgtatggcag",1,2,4.94442019330971,4.84006639550116
"cggcgtatactttgagac",2,1,26.8088109284215,NA
"ttcttgggattgttcgca",1,2,1.92242434586196,1.92187653010187
"acaaggtaagctgtcggc",1,2,3.94354078810634,3.94580634371593
"tatttccgttatggattg",2,4,12.4336353755842,NA
"ggccatatccgggactcg",2,1,27.6097979548349,NA
"gagtgaagtaaaggattg",1,2,0.72873972599637,0.728715940940486
"ctgtggtgttcgttgctc",2,4,19.0770334404428,NA
"cggcgttggcagcgttat",2,1,9.96014849377197,NA
"atataccaccacgtggtg",2,1,9.1607715424483,NA
"gagcttttcttgtgtgta",2,1,21.923486806613,NA
"ggattgttgctcgggatc",2,1,30.603996149161,NA
"ttggattgttcgatgaag",1,2,6.54454260263583,6.53083558766381
"gaagggaaagaatgtgta",3,2,8.1154101322352,8.19684843474012
"cggtccaagccaacggac",2,4,20.5672392356873,NA
"agatgtggtaggaagcca",1,2,1.64118720849587,1.64262802172355
"tgcggtcgagcagatcaa",2,1,12.4811099816359,NA
"agacccatagcggggatc",1,2,3.85795996925366,3.80553060979285
"tagaggcaaccgccacgc",2,1,9.94150381261944,NA
"tctagcgctccccaaccg",3,3,9.35607374993758,9.523500645907
"caggagcaaccgtgcggt",2,1,22.0802166858599,NA
"cagactggccatcaccac",1,2,5.51193393520981,5.62441181884314
"ggccataacagcgtttca",1,2,1.4170491519388,1.41699069783136
"ttcttgaagtatggtagg",2,1,23.9299585317673,NA
"tatttcagatgtcaagtc",2,4,12.3400030262412,NA
"tcgggatctagccagact",2,1,25.321568308254,NA
"cttgaaacaaggtcatca",2,4,19.1747362636276,NA
"atatacattagtagtaaa",2,1,27.1580350419433,NA
"tgcggttgtgtaccgtaa",1,2,1.61144558613339,1.61196064698024
"gtacagtgcggttgagac",2,1,27.4092554039025,NA
"tggcaggctccctcagtg",2,1,9.72113396776379,NA
"gtcctattggatgagctt",2,1,28.4730638156549,NA
"gccagaaagccagtggtg",1,2,4.9375321380163,4.87522540853103
"cagactatgaagatagcg",2,1,25.0081727207133,NA
"cgttatcaagtcaagcca",2,1,25.2074212244365,NA
"tgagacaccttccgcata",1,2,1.95070881140774,1.9497521614007
"acaaggctaggttatttc",2,4,19.5473058025349,NA
"gccgttgagcttcataga",2,1,28.7465636663398,NA
"gcttgtgtggtgtttggg",1,2,2.93265715566553,2.93032138047496
"tcagtgtaagcttcatca",2,1,24.822463249624,NA
"ggtaggattagtcaagtc",2,1,27.9796102895784,NA
"gctgaggtttcaatatac",2,1,26.8330141471943,NA
"gttaacctgtggtcggga",2,1,22.8428597367685,NA
"ggattgtatttcagtctg",1,2,1.02280588930755,1.02280809851275
"cactgtgggatctgctaa",2,1,11.8571558212434,NA
"ttaagatatttctaccga",2,4,12.3855613158831,NA
"tgcggttagaggattagt",3,4,15.7642092740185,NA
"agcacgcagactgctccc",1,2,2.92524286152334,2.92639435165844
"caagtccggtccctatta",2,1,27.4829844896946,NA
"ggccatgctgagaacagc",1,2,5.66924858865922,5.52486473886195
"gaaatagtggtgcggtcc",1,2,1.87201998210631,1.87307256495604
"caccacatgaagtatttc",1,2,6.77575733645191,7.11366915739018
"ttggattctagcgctgag",2,1,10.0265225518515,NA
"ttggatctgtgggtcggc",1,2,4.29748266825224,4.28996565887891
"gctgaggggatcggtagg",2,4,18.0503359149174,NA
"cgagcaagtctgcgttat",1,2,1.86940613060573,1.87386561071906
"ttcttgatccggcaagtc",2,1,9.73414473584545,NA
"gaagggaccttccactgt",2,1,23.0513124582325,NA
"gactcgatacttttcgca",1,2,2.9753681012123,2.97427849309406
"gtggtgggattgtaagct",1,2,2.78374783693014,2.78346591976461
"ttcgcatccaagagtctg",2,1,26.7738968555324,NA
"gtcctaaattggagtctg",1,2,1.10905463115572,1.10897581739947
"gtttcaatgaagatagcg",1,2,6.2399672894221,6.57309771555308
"ccacgcactgcaactgca",3,3,10.454573092626,10.595272070771
"gaagggcactgtctcaat",1,2,5.4783301563377,5.33336623011694
"gcgcgggtcctagaaata",2,1,27.3905329646213,NA
"aggttagtttcactgtgg",2,1,10.1275399538064,NA
"gcttgtaagccaccacgc",1,2,1.34175165631896,1.34063250109005
"aattggatatacggtagg",2,1,23.0159465834788,NA
"ggtaggggccattaatag",2,1,24.6432520936951,NA
"cagactgtttcagatcaa",1,2,1.14552806462198,1.14546250121851
"ttgctcagatgtgctgag",2,4,16.733657599718,NA
"atccgggagtgacttacg",2,1,23.7230703069235,NA
"agacccaagccaggattg",1,2,3.14571563743573,3.14703602629101
"cagactctgtggggtagg",2,1,8.10450063933341,NA
"gaggccactgcaaattgg",1,2,3.26886311413986,3.27145315512955
"tgtgtaattagtaaagaa",2,1,12.0599869345059,NA
"cctctagggatcaccttc",2,1,22.6108407139511,NA
"gggatcgggatccgaaag",2,1,28.0094438229411,NA
"caagtctgtgtaggattg",2,1,24.2535620199995,NA
"acccaaagatgtatccgg",2,1,27.2483530352199,NA
"agacccagtaaaaattgg",2,1,25.7832218697587,NA
"gaagggcgcatataagct",2,1,24.8342102215941,NA
"taccgaaaagaacgcata",2,1,23.3278084316601,NA
"atgaagtgttcgctgtgg",1,2,3.02439763960091,3.02010082849744
"cggcgtgtacagaggtta",2,4,12.6141945033397,NA
"cgttatgaggccggacga",2,4,15.9322675646242,NA
"ccacgcggacgacagact",2,1,24.0635466706656,NA
"tgctaaacaaggcggtcc",2,1,23.9499885951721,NA
"tcagtgcggtccggtagg",2,4,20.354502027044,NA
"cactgtgagcttatccgg",2,1,10.9813155863275,NA
"tagaggatccggagaccc",2,1,27.5810786070669,NA
"aagccaatacttgccaga",1,2,4.39213441897999,4.36185456888513
"gcgaataccttcatagcg",2,1,24.1179973993191,NA
"tgttcgcttgaattgctc",2,4,12.8909712093979,NA
"ctgtggtaatagtggcag",2,4,20.0431907445693,NA
"acggacatccggtgcggt",1,2,4.22561941808233,4.2605896802392
"tagagggcttgtgtccta",2,4,21.1000374661845,NA
"ttggatggccatatccgg",1,2,2.93450740803979,2.93174064136152
"tccaagttggattatttc",3,4,13.2555789128109,12.5472555881931
"cttacggtggtgactgca",2,4,18.7826783989558,NA
"gagctttgcggttaagct",2,1,23.7654651244443,NA
"ccacgcccgatgcggcgt",2,4,20.8051477528628,NA
"tgagaccaaccgtaccga",2,1,23.5688180937585,NA
"cactgtggtgcttcatca",3,1,10.308970581536,9.83069326414646
"gaagggtgctaaaacgtg",2,1,23.191201634173,NA
"acccaaaacgtgacccaa",2,4,13.7492605390813,NA
"tcgggataagctgatcaa",1,2,2.90917065566166,2.90752676971734
"gatcaatagagggatcaa",1,2,3.89786010603216,3.86690168533989
"atactttcatcaagtaaa",2,4,12.7847462730198,NA
"aagccatatttctcagtg",2,1,24.5227771941359,NA
"aattggtgaattcaagtc",1,2,5.29355559900416,5.11786226952336
"cactgtgtcctacaaccg",2,1,25.4739718331533,NA
"cgcatagcttgtgagtga",2,4,18.2114180921083,NA
"cagactgccagaacggac",1,2,2.26687879741923,2.27086955172763
"gtcctacttgaacgcata",2,1,21.3926102868185,NA
"ggtaggacccaaaacgtg",3,2,8.62817376670158,8.37249597465168
"tggcagtggcagacggac",2,1,25.5380412043808,NA
"acggacctgtggtgttcg",1,2,4.07323620512436,4.04519992528947
"tagaggaccttcaccttc",2,1,24.1867377071563,NA
"tccaagaagccacaccac",1,2,1.73952576724225,1.7427965615386
"cgaaagagatgtgtccta",2,1,24.8291955445948,NA
"ggccatccgtaaacggac",1,2,7.19738235532547,7.06798326010253
"atacttcggcgtgaaata",2,1,22.7197511378204,NA
"ggccatcaaccggaaggg",2,1,21.3490061601015,NA
"caaccggaaatacaggag",3,4,14.9697546779879,NA
"tgtgtatgctaaaccttc",1,2,6.01096382377201,5.63659976942466
"ggccatgtggtgtgtgta",2,1,21.1968393621352,NA
"gtggtgtgttcgttaaga",2,1,10.3833772520413,NA
"cagactttgctcttgctc",2,4,20.5709319845308,NA
"aagccagagctttaatag",2,1,25.7392131011946,NA
"taagcttcagtgagaccc",2,1,24.9983731276328,NA
"cctctaggattgcataga",2,4,18.5574952137805,NA
"ccgatgcaaccgtgctaa",2,4,20.3676405621631,NA
"acccaatggcagtaagct",2,1,11.6874225928812,NA
"caggagcactgttcatca",2,4,20.4562337280985,NA
"gaaataccgatgcataga",1,2,5.70947692292971,5.44052063983918
"tcgggacaaccggctgag",2,1,23.6768355453179,NA
"gctgagtgtgtacagact",2,1,25.0231691547095,NA
"agcacgttggatttcgca",2,1,6.30652057596321,NA
"cctctaaggttactgtgg",2,1,25.0075747262873,NA
"attagttagaggattagt",2,1,23.6097011147402,NA
"gtcctaacccaagctccc",2,1,9.46414417953377,NA
"cgagcaggtgctatagcg",2,4,16.626567853738,NA
"gccgttgaaggggagctt",2,4,13.0594290129932,NA
"tagaggccgatgtgtgta",2,1,24.4298652059499,NA
"tagaggttcttgggtgct",3,3,12.2817711874582,11.6838496693046
"tctagcttcttgtggcag",1,2,5.8245600777385,5.57659614314254
"gaggccgcgaatcttgaa",2,1,23.4389444785159,NA
"gccgttcgaaagtcgcct",2,1,5.65708887473953,NA
"gcgcggggacgaggccat",2,4,16.278325558478,NA
"accttcactgcataatag",1,2,4.45077251188758,4.40685083726616
"ccgatggtcctagtttca",1,2,5.33613316875652,5.13522836987789
"agcacggctgagctcaat",2,1,8.17410296169081,NA
"tgcggtcagactaaagaa",2,1,8.80274815719678,NA
"gggatcaagccaggacga",2,4,16.0551660810255,NA
"ttaagatatttccttacg",2,1,26.4361417314577,NA
"gtttcatgagaccaggag",2,1,24.3640853900833,NA
"atactttgcggtatgaag",2,1,21.599943787386,NA
"tcatcaagtctgaattgg",2,4,21.0054886088794,NA
"ctaggtccacgcttaaga",2,4,21.0799933185895,NA
"ggacgattggattaagct",2,4,15.9832031181974,NA
"tggcagttcgcaacggac",2,1,24.8534142379049,NA
"ttcttgctcaatttaaga",1,2,4.13044136834041,4.05896707275581
"ccacgcccacgcccgtaa",2,4,19.6304032379555,NA
"gactcgatatacgaggcc",2,1,28.6049779060648,NA
"tgaattagcacgcataga",2,1,26.3735007847625,NA
"cgagcagccagattcgca",2,4,16.595881550333,NA
"agcacgttcttggtcggc",2,1,21.5493564575577,NA
"aggttagccagagccaga",2,4,19.1010572331545,NA
"tatttccggcgtaaagaa",2,4,19.6683599820156,NA
"cggtccttaagacataga",2,4,19.2648359433682,NA
"ttcgcacggcgtactgca",1,2,4.14127706343746,4.11853571934646
"ggacgatatttctaagct",2,1,23.7376047861256,NA
"gtggtgcagactcggtcc",2,1,24.8248544428915,NA
"ctaggtcgcatatcgcct",2,4,17.5682461253316,NA
"acaaggaacgtgggattg",2,4,19.7397583798916,NA
"ttcttgaccttccgttat",2,1,23.2153441334194,NA
"ctaggtcctctaagtctg",2,1,7.85129211157722,NA
"ctaggtgagtgaaagtat",2,1,22.2077476510796,NA
"gcttgttcgggatatttc",2,4,17.2614319574673,NA
"cactgtatccggcgagca",2,1,22.8004501331879,NA
"gaggccgcgcggctatta",2,4,18.3421615123398,NA
"acggacaattggcagact",2,1,21.8925779921298,NA
"atacttcttacgcagact",2,4,20.577131166426,NA
"gactcgactgcacgcata",2,1,21.4648833139648,NA
"tgagacctgtgggctccc",2,1,27.3494456758956,NA
"cggcgttagagggctccc",2,1,22.9199930058845,NA
"agtctgcaggagcggtcc",2,4,20.699394203837,NA
"agatgtgaagggccacgc",1,2,1.79215127601212,1.79689249278278
"gaggccgttaacagtaaa",2,1,10.6859612447872,NA
"aggttatgcggtgctccc",2,4,18.7100341811867,NA
"gtacagtaataggtacag",2,4,20.9055152054074,NA
"gtggtgactgcacgagca",2,1,8.19294384076174,NA
"cctctagcgcggtagagg",2,1,24.7537147995588,NA
"atgaagattagtgagtga",2,4,20.915323987759,NA
"tccaagtaagctagatgt",2,1,7.35146234663241,NA
"atatactcatcacttacg",1,2,2.21631093255456,2.21923692587445
"atacttcagacttcagtg",2,4,18.9319333735604,NA
"tggcagcggtccatatac",2,4,20.8842951505185,NA
"gaggccggtaggtctagc",2,1,25.3997482571264,NA
"catagaggtaggatccgg",2,4,20.4562337280985,NA
"ctcaatcatagattgctc",2,1,21.4234323534373,NA
"gcgaatggacgatcagtg",2,1,22.1184313150501,NA
"gagcttttgctcgtggtg",2,1,8.08081219136814,NA
"atagcgtgttcgcgcata",2,4,18.5293157517311,NA
"ctaggtctcaatcgaaag",2,1,5.00306754604104,NA
"tcagtgaattgggaaggg",2,1,9.10008640146768,NA
"cgcataccgtaattcgca",2,1,23.418654212726,NA
"acccaaagcacgttggat",2,4,20.3458874560586,NA
"atacttgttaacaacgtg",2,1,22.5416659778357,NA
"gactcgtatttccgaaag",2,1,23.7125374696266,NA
"ggtgctagatgtgtcggc",2,1,23.5369427133433,NA
"tcgggagaagggccacgc",2,1,25.4589178671666,NA
"tgagactcgccttgagac",2,4,19.5505308182667,NA
"tagaggagtaaaaacgtg",2,4,18.3973210575396,NA
"tgtgtagtttcaagtaaa",2,1,23.2817478915589,NA
"atacttacccaacaagtc",2,4,20.1061567445522,NA
"gctgaggagtgaaacgtg",2,1,7.40626228423155,NA
"gtcggcttaagaacaagg",2,1,11.0238801750727,NA
"tgaattgggatcacccaa",2,4,21.1303070214301,NA
"gggatcgactcgatccgg",2,1,23.1085438101732,NA
"ttcttgacccaagagtga",2,1,22.5312761891849,NA
"aacgtgagcacgcaccac",2,1,23.7363478425143,NA
"tttgggtatttctttggg",2,4,19.2597193871104,NA
"acggactcgggagaaata",2,4,19.4501324420687,NA
"ggccataacgtgacggac",2,4,17.4591216407558,NA
"atagcgtgtgtacggcgt",2,1,26.3099975633587,NA
"aacagcgttaacgggatc",2,1,22.0294967904246,NA
"tgcggtctcaataagtat",2,1,23.2226228573064,NA
"gaagggcttacgatgaag",2,4,19.0037521513367,NA
"catagatcgggaaacagc",2,1,23.1254422085811,NA
"tccaaggtcctagagtga",2,4,20.9508210744195,NA
"agcacgaagtatttaaga",2,1,21.6013565529638,NA
"cagactactgcagtacag",2,4,17.9847842240815,NA
"taccgagtcggccaagtc",2,1,24.7034799592918,NA
"gtttcagaaataccacgc",2,4,20.462100487041,NA
"atacttaaagaatttggg",2,4,18.1050533455251,NA
"ctaggtactgcaacggac",2,1,26.6262787820881,NA
"cctctagaaataacggac",2,4,18.5223513008611,NA
"gtacagagcacgtggcag",2,4,18.1489637912534,NA
"taatagccacgcacggac",2,1,23.356138669493,NA
"aagtatgccgttaattgg",2,1,26.2472102293411,NA
"ttcgcacttacggcgaat",2,1,22.3893890027188,NA
"ttcttgcttacgatactt",2,4,17.794907236338,NA
"gatcaagctgagatatac",2,1,24.4859563840754,NA
"cagactcaccacacccaa",2,1,23.3236364050106,NA
"ggccatgggatcgccaga",1,2,5.04177452008874,4.92352317886258
"gagtgaccgatggaaggg",2,1,22.6888795498101,NA
"aaagaacagactgtggtg",2,4,20.0179781287633,NA
"tgcggttgagacctaggt",1,2,4.29570000560855,4.17508931870234
"attagtccgatgggccat",2,1,23.064198990721,NA
"gactcggagtgatcagtg",2,4,20.7279728857487,NA
"atagcgatataccaagtc",2,1,24.6324994130877,NA
"aacagcctattacataga",2,1,23.2748747917244,NA
"ctaggttatttctttggg",2,1,23.6565282878623,NA
"gtcggcttgctcttcttg",2,1,22.2938807895026,NA
"cgagcagatcaatagagg",2,4,19.1027736151455,NA
"taataggtttcaagtaaa",1,2,3.08798354416618,3.08194029842919
"gggatccgttatgaaata",2,4,18.1363827227632,NA
"cactgtaacgtggtacag",2,1,21.2670530358435,NA
"agatgtgatcaagtttca",2,4,14.5346802471362,NA
"gtcctacgcatacaccac",2,4,21.0137173513546,NA
"cttgaacactgtaccttc",2,1,23.8106484538222,NA
"tgaattattagtaccttc",2,1,22.344026069009,NA
"gagcttcgaaagactgca",2,1,22.4283688098817,NA
"gcttgtccgtaacaccac",2,4,18.0602551420567,NA
"caaccgagatgtgtcggc",2,4,18.5641811157863,NA
"caggaggccagaattagt",2,1,23.1795256129476,NA
"aagtatcaaccgtggcag",2,1,25.183033195269,NA
"taataggccgtttcggga",2,1,21.4722287228422,NA
"gctcccatagcgcctcta",2,4,14.9803757809951,NA
"ttgctcgagtgaacggac",2,1,23.5687287677189,NA
"gccagagtcctagggatc",4,2,NA,25.4771381912201
"ttcgcacggcgttcgcct",4,2,NA,24.7674019955644
"ctaggtggccatatccgg",4,2,NA,26.3275547390334
"gaagggagaccctgttcg",3,3,NA,21.4750957337154
"atagcgggccatttgctc",4,2,NA,25.5922135848197
"ggtaggcctctatgttcg",4,2,NA,30.058254952697
"agtaaaacaaggtgaatt",4,2,NA,26.4749851376573
"cggcgtgaggccggtgct",4,2,NA,30.8591223108971
"aagtattaccgatgttcg",4,3,NA,23.1767423159404
"cttgaacggtccatactt",4,2,NA,24.4481651841365
"cgcataatatacgctccc",4,2,NA,27.6681553595532
"ttggatgaaataggacga",4,2,NA,24.4822924016773
"caggagcgagcagttaac",4,2,NA,30.4160706986826
"gtacagcaaccggactcg",4,2,NA,32.4345039749046
"atgaaggactcgggacga",4,2,NA,29.3154877234238
"agtaaaaagtatggtagg",4,2,NA,24.3920474670643
"tgcggtcgaaagcggtcc",4,2,NA,24.7213238575203
"aagtataggttaggtgct",4,2,NA,27.2820299250317
"acccaatgcggttctagc",4,2,NA,28.1603457692142
"cgaaagcttacgggtgct",4,2,NA,24.3641130992945
"ggtgctggccatttaaga",4,2,NA,31.2629286472476
"gagcttccacgctctagc",4,2,NA,28.888704648457
"gaggcccttacgcgaaag",4,2,NA,30.5430768183801
"caccacgaggccgaaata",4,2,NA,29.4346792792555
"cgagcagtacagcagact",4,2,NA,30.3765839548694
"atactttagaggttaaga",4,2,NA,31.1030070675585
"gccgtttgaatttcatca",4,2,NA,29.9667646479367
"cgcataaattgggccgtt",4,3,NA,24.1369391967705
"aacgtgcaagtcccgatg",4,2,NA,24.9451998316532
"agcacgtcatcaaccttc",3,3,NA,18.1816550456466
"ctaggttgtgtacataga",4,2,NA,28.4301934141688
"tcatcatggcaggcgaat",4,2,NA,27.709896576706
"gaaggggcgaatctcaat",4,2,NA,25.7984469345377
"gaaggggtcggcggacga",3,3,NA,21.16933851572
"atccggtggcagagaccc",3,3,NA,18.537147742499
"ttgctcaattggccacgc",3,3,NA,17.5531015220964
"tgaattactgcataatag",4,2,NA,25.4897576361304
"cactgttaagctgtccta",4,2,NA,28.5483067388134
"acccaacttacgccacgc",4,2,NA,27.5639635440249
"gtggtgggacgaccacgc",3,3,NA,20.7080349086317
"ttaagatcgcctgcgaat",4,2,NA,25.296383556045
"tgcggtaaagaagcttgt",4,2,NA,29.2197154400167
"tttgggcctctactgtgg",4,2,NA,26.8065002283558
"cttacgggtagggtggtg",4,2,NA,30.4743830888135
"agatgttgttcgggtagg",4,2,NA,28.1986300735959
"aggttacaaccgatagcg",4,2,NA,28.8621497118912
"cactgtcactgtcaccac",3,3,NA,17.1821344163898
"cggtccaagtatctatta",4,2,NA,27.6544296650576
"atagcgacccaactatta",4,2,NA,28.4672499664936
"gatcaatgctaagactcg",4,2,NA,25.5622599394597
"agcacgttggatgaaata",4,2,NA,29.2096285925054
"cggcgtaattggcagact",3,3,NA,17.1821344163898
"cttgaattcttgggacga",4,2,NA,30.5501742259776
"ggacgaggattgttcttg",4,2,NA,24.4881322033557
"acccaaagatgtccgatg",4,3,NA,23.8645616652507
"gtggtggaagggcactgt",4,2,NA,28.5709260323645
"atagcgccgtaaatagcg",4,2,NA,30.2472405455947
"cctctagccgttggccat",4,3,NA,23.2303727783226
"ggtaggttcttgctatta",4,2,NA,26.6390426319676
"tttggggaagggcttgaa",3,3,8.99228369600038,9.7019699673936
"gaagggggtagggcgaat",3,3,NA,16.9813317009118
"ttcgcaaggttaggtgct",4,2,NA,26.3822130321987
"caaccgacccaacggcgt",3,3,NA,16.9950642239267
"atatacgctccccaagtc",4,2,NA,28.330355428791
"gccagactcaataggtta",4,2,NA,28.1662035275945
"gcttgtctcaatgtttca",3,2,7.1761643671217,24.6986718578096
"tgtgtagtacagttcgca",3,3,NA,16.9087499816958
"tcgccttaccgatcggga",3,3,NA,17.3394654015524
"aggttacatagagccaga",2,4,15.095589705371,NA
"cagactctcaatggattg",2,4,14.2896072546385,NA
"gcgcgggactcgcaccac",3,3,NA,17.3140500517034
"gtttcacactgtttcttg",4,2,NA,25.6314610313439
"tgctaagaggcccgagca",3,3,NA,17.0507336276293
"gaaggggccagacagact",4,2,NA,26.4790835490965
"gagtgaagtctgtggcag",3,3,NA,23.1967697538234
"gatcaaaggttatatttc",4,2,NA,30.7710636025208
"caggagcctctataccga",3,3,NA,17.1862601278691
"cttgaaggtaggcactgt",3,3,NA,21.8232437437127
"ggtgcttaagcttaagct",4,2,NA,24.9016334543633
"tgcggttaatagtggcag",4,2,NA,30.7116435230119
"aagccacgttatttggat",3,3,NA,17.7852623864727
"gccgttgtggtgacaagg",3,2,6.34640267050028,25.9378256618021
"caaccgaacagcacggac",3,3,NA,15.5841383448171
"tcgggatgcggtaattgg",4,2,NA,30.5856269413859
"ccacgctgagaccaagtc",3,3,NA,17.2549587359925
"caagtcagcacgctaggt",4,2,NA,27.454848332062
"ttggatggtgcttcatca",3,3,NA,20.7473828484401
"gggatcctattaaagcca",3,3,9.2872920539188,9.71891946045976
"tctagccaagtctgagac",4,2,NA,30.8855581052628
"gaggccgcgaatttcgca",3,3,NA,13.1949878064259
"gatcaaagacccgtttca",3,4,15.7642092740185,NA
"aagtatcactgtccgtaa",4,2,NA,29.2278314219124
"tcatcacgcataatgaag",2,1,11.0394521520328,NA
"catagatgctaacgagca",3,3,NA,15.2394362891564
"gtcctacttgaactgtgg",3,3,NA,16.9606892384981
"gtttcaaacagctgaatt",4,2,NA,27.1417778824066
"taatagtaccgaaacgtg",3,3,8.70959714551341,9.77616002253382
"gcgaatgccgttcgcata",4,2,NA,29.7656110544416
"cactgtcagactgctccc",1,2,4.6415116570775,4.81683354208172
"atagcgatccggttcttg",3,2,7.91960932858399,8.5070621572903
"atacttgggatcgtttca",2,4,15.7642092740185,NA
"gtcggctgagactgcggt",3,3,NA,18.4060309585569
"gaaataagatgtaaagaa",3,3,NA,13.987730711
"ggccatctgtgggaaggg",3,3,NA,21.6616729578461
"catagatcagtggagctt",3,3,NA,14.7411495420908
"gttaactaagctcaagtc",4,2,NA,26.7484718978629
"agcacgtgcggtcttgaa",3,2,7.64361235235904,8.92165316808239
"ttcttgcggcgttaagct",4,2,NA,25.2180376637707
"gttaactttggggtttca",4,2,NA,26.485306112657
"ggtgctaacagcggattg",2,4,14.4069139425696,NA
"atactttccaagaagcca",3,3,8.69174835522484,10.8609597080946
"aattggtgctaagcgcgg",3,3,NA,14.7816308257077
"tcatcatcgcctttggat",3,3,NA,22.9330215722081
"cgcatagcgaatcgttat",3,2,6.9631803294662,25.0387822234547
"aagccagtacagaattgg",2,4,12.2810929919862,NA
"ttgctcttaagaggacga",3,3,NA,15.1171945552318
"actgcaacccaaggtgct",2,4,14.7943507125635,NA
"attagttgagacagaccc",3,3,13.1313448080869,13.2529725834221
"cagactttcgcacgagca",3,2,7.6549163450198,9.41808142432123
"tatttctcgccttgttcg",2,4,16.5102685360111,NA
"caaccgtcgcctaacgtg",2,4,13.4972208578132,NA
"aagccacctctaatgaag",3,3,NA,17.1475142978069
"catagatgtgtaaaagaa",4,2,NA,25.3016720868905
"tcagtgtcgcctgaaggg",3,3,13.839340905378,14.1256639405041
"actgcatgttcgagcacg",3,3,NA,16.408682791366
"ttaagactaggtatgaag",2,4,15.3856058830201,NA
"caagtcttggatcttacg",2,4,12.5339856349761,NA
"aaagaaatatacttggat",3,3,NA,12.7441246563989
"ggtaggttgctctcatca",3,3,NA,11.4377158880788
"atataccaggagtaagct",1,2,5.44713723621273,5.6273502705257
"agtaaagtttcaatactt",1,2,5.59619271819233,5.93387369586239
"cgaaagggtgctttggat",3,2,8.66474440848056,8.98256167654636
"ctattaaccttcctaggt",2,1,9.1477481063201,NA
"cactgtcctctaggccat",2,4,15.9322675646242,NA
"ctaggtatacttaaagaa",3,3,9.16310734619709,10.4610940691461
"gcgaataggttatggcag",3,3,10.7983970767721,11.1239835311014
"gggatcgtttcacgttat",3,3,NA,14.8950360361311
"cttacgggtaggatgaag",3,3,NA,12.1669220748194
"ttcgcaatccgggactcg",2,4,14.0521722966545,NA
"ttcttgcaggagatagcg",3,3,12.434965016986,12.8993987652451
"agtaaagcgaatattagt",2,4,15.8946349186477,NA
"tccaagtctagcggacga",2,4,16.0055245053162,NA
"ttggatccgtaaagcacg",2,4,15.8256029862176,NA
"aagccagtggtgtgtgta",3,3,NA,16.1602409501335
"taatagtcgggaaaagaa",2,4,16.2857617327975,NA
"cggtcctttggggagtga",2,4,16.6916933431482,NA
"agacccagcacgtcggga",3,3,NA,16.145176959592
"cgaaagctgtggcggtcc",3,4,15.527494787924,NA
"gtcctaaaagaacgaaag",3,4,16.0912725548343,NA
"aggttacgagcaccacgc",2,4,16.5653572040815,NA
"cagactcactgtcttacg",1,2,6.02693656214477,6.39772013085077
"gaggccacggaccgagca",3,3,11.5610854600307,11.7992515332509
"ttggatcaccacagtctg",3,3,NA,16.2476090789926
"gtggtgacaagggtggtg",3,3,NA,16.7436603442444
"aagtattaagctctgtgg",2,4,15.9635457331263,NA
"cctctaaggttaggccat",2,4,16.9043022166169,NA
"tgagactgctaagatcaa",3,2,8.16834018177499,9.0406745583987
"tctagcgaggccaaagaa",2,4,15.9307043659592,NA
"cgagcaatacttgcgaat",2,4,14.9937800781846,NA
"taatagtatttcaacagc",2,4,14.2129814751468,NA
"tgtgtaagcacgcttgaa",3,3,NA,13.8528098985539
"taagctgccagactatta",3,3,9.68934939316028,10.9738109921712
"cgagcacatagaccgtaa",3,4,15.3799271871369,NA
"agatgtcttacggggatc",1,2,6.56802250583926,7.06739680312824
"gagcttgccgtttcagtg",3,3,NA,16.5561901387223
"attagtcctctatatttc",3,3,11.6370208437892,11.4120273420224
"cgaaagttggatgccgtt",2,4,12.9336588234169,NA
"aattggtggcagtgaatt",2,4,16.626567853738,NA
"tcgcctttggatcttacg",1,2,6.81618757348104,6.87291683363591
"taagctgagcttctgtgg",3,2,7.75838425527574,8.18609295328939
"aaagaacggtccggtagg",3,3,9.83804378267464,9.7042040413455
"agtaaacgagcattcttg",2,1,10.9859260482063,NA
"gcgcggatacttcttgaa",3,2,7.5275308197252,7.77378229746655
"gagcttcgcataagcacg",3,4,15.6226605102603,NA
"cttgaagaagggaacgtg",2,4,16.4484806953603,NA
"gagtgacaaccgacaagg",1,2,5.43021045190581,5.80687188335976
"aacagctagaggtctagc",2,4,16.7986581722027,NA
"ttggatggtaggctcaat",2,4,12.2544866438987,NA
"gagtgagttaacatactt",2,4,16.8943463039417,NA
"gctgagggtaggcgagca",3,3,10.8644659233803,11.375357416288
"tttgggatacttggccat",3,2,7.77510869015355,8.77440031104851
"atatacctattactgtgg",2,4,15.5778976841399,NA
"agtctgttaagaaacagc",3,3,11.1912021265664,11.5481804776631
"caccacgaaatattgctc",2,4,16.9312776018905,NA
"acggacgtggtgcataga",3,3,9.37416334723595,9.62254304681647
"atgaagccacgctaagct",2,4,16.6143933639155,NA
"taatagttgctctgtgta",3,2,7.60050886690575,8.02006711551267
"tgagaccctctagatcaa",3,2,7.75711225795592,8.7099213004385
"ctaggttgttcgctaggt",1,2,6.18310011709543,6.41101619666648
"tagagggccagaattagt",3,3,14.9528766902381,15.3268838223129
"ctaggtcactgtccgtaa",2,4,13.1725479638949,NA
"gatcaagcttgtcgttat",3,3,11.0343198600981,11.3634264374272
"ggattggatcaagagtga",2,4,16.3870517656352,NA
"cactgttgcggtaattgg",1,2,5.70813151399031,6.20123151354359
"tctagcgatcaacactgt",2,1,11.0303700441447,NA
"ggacgacgaaagactgca",2,4,16.3746593691657,NA
